101 Khang@123 Andrew 1211209054@gmail.com 0111234523
102 Chien@123 CChien 1211208130@gmail.com 012232412
103 an@123 AnAn 1211208694@gmail.com 0126231232
104 kai@123 WenKai 1211110578@gmail.com 0122343242
105 123123 Jinan jingan@gmail.com 0183783274
112 124621 Yingan yingan@gmail.com 019666745
114 120821 stella stella@gmail.com 0124406745
107 128721 James james@gmail.com 0112476832
118 233210 jinx jing@gmail.com 0116166696
121 437521 tom tom@gmail.com 012344369660
122 109621 kyai kyuvi@gmail.com 01129475435
108 wong@123 Wong 1211208130@gmail.com 012232412
130 an@123 Iman 1211277324@gmail.com 0126231232
124 kai@123 Siti 12110578@gmail.com 0122343242
116 779123 Ryuk ryuk112@gmail.com 01043483274